Fuel (BTU),2024.0,2025.0,2026.0,2027.0,2028.0,2029.0,2030.0,2031.0,2032.0,2033.0,2034.0,2035.0,2036.0,2037.0,2038.0,2039.0,2040.0,2041.0,2042.0,2043.0,2044.0,2045.0,2046.0,2047.0,2048.0,2049.0,2050.0
electricity (not used in this variable),0.0,0.0,0.0,0.0,0.0,0.0,0.0,0.0,0.0,0.0,0.0,0.0,0.0,0.0,0.0,0.0,0.0,0.0,0.0,0.0,0.0,0.0,0.0,0.0,0.0,0.0,0.0
hard coal,281050000000000.0,26938900000000.0,87862600000000.0,6976560000000.0,23156300000000.0,27631400000000.0,21125500000000.0,11750300000000.0,16333400000000.0,9428410000000.0,38978700000000.0,40067500000000.0,42655400000000.0,66086300000000.0,65624800000000.0,73920800000000.0,83034600000000.0,15936100000000.0,0.0,0.0,0.0,0.0,0.0,0.0,0.0,0.0,0.0
natural gas,2100490000000000.0,2277560000000000.0,2192110000000000.0,2290400000000000.0,2324570000000000.0,2350820000000000.0,2394520000000000.0,2432310000000000.0,2501710000000000.0,2558530000000000.0,2613700000000000.0,2655330000000000.0,2698660000000000.0,2731160000000000.0,2756890000000000.0,2780810000000000.0,2803930000000000.0,2775750000000000.0,2809820000000000.0,2841160000000000.0,2854940000000000.0,2913370000000000.0,2869590000000000.0,2858110000000000.0,2877450000000000.0,2873410000000000.0,2868950000000000.0
nuclear,1036070000000000.0,1019930000000000.0,1028170000000000.0,1028170000000000.0,1028170000000000.0,1028170000000000.0,1028170000000000.0,1028170000000000.0,1028170000000000.0,1028170000000000.0,1028170000000000.0,1028170000000000.0,1028170000000000.0,1028170000000000.0,1028170000000000.0,1028170000000000.0,1028170000000000.0,1028170000000000.0,1028170000000000.0,1028170000000000.0,1028170000000000.0,1028170000000000.0,1069390000000000.0,1093620000000000.0,1089470000000000.0,1076010000000000.0,1076520000000000.0
hydro (is not a fuel),0.0,0.0,0.0,0.0,0.0,0.0,0.0,0.0,0.0,0.0,0.0,0.0,0.0,0.0,0.0,0.0,0.0,0.0,0.0,0.0,0.0,0.0,0.0,0.0,0.0,0.0,0.0
wind (is not a fuel),0.0,0.0,0.0,0.0,0.0,0.0,0.0,0.0,0.0,0.0,0.0,0.0,0.0,0.0,0.0,0.0,0.0,0.0,0.0,0.0,0.0,0.0,0.0,0.0,0.0,0.0,0.0
solar (is not a fuel),0.0,0.0,0.0,0.0,0.0,0.0,0.0,0.0,0.0,0.0,0.0,0.0,0.0,0.0,0.0,0.0,0.0,0.0,0.0,0.0,0.0,0.0,0.0,0.0,0.0,0.0,0.0
biomass,0.0,22082900000000.0,21446300000000.0,21260600000000.0,21091400000000.0,20840400000000.0,20607300000000.0,20267900000000.0,20019000000000.0,19754600000000.0,19559900000000.0,19381900000000.0,19206400000000.0,19041600000000.0,18887500000000.0,18728000000000.0,18562000000000.0,18400700000000.0,18253200000000.0,18112700000000.0,17980000000000.0,17855300000000.0,64846000000000.0,37803000000000.0,45808900000000.0,34165100000000.0,34422600000000.0
petroleum gasoline,0.0,0.0,0.0,0.0,0.0,0.0,0.0,0.0,0.0,0.0,0.0,0.0,0.0,0.0,0.0,0.0,0.0,0.0,0.0,0.0,0.0,0.0,0.0,0.0,0.0,0.0,0.0
petroleum diesel,0.0,0.0,0.0,0.0,0.0,0.0,0.0,0.0,0.0,0.0,0.0,0.0,0.0,0.0,0.0,0.0,0.0,0.0,0.0,0.0,0.0,0.0,0.0,0.0,0.0,0.0,0.0
biofuel gasoline,0.0,0.0,0.0,0.0,0.0,0.0,0.0,0.0,0.0,0.0,0.0,0.0,0.0,0.0,0.0,0.0,0.0,0.0,0.0,0.0,0.0,0.0,0.0,0.0,0.0,0.0,0.0
biofuel diesel,0.0,0.0,0.0,0.0,0.0,0.0,0.0,0.0,0.0,0.0,0.0,0.0,0.0,0.0,0.0,0.0,0.0,0.0,0.0,0.0,0.0,0.0,0.0,0.0,0.0,0.0,0.0
jet fuel or kerosene,0.0,0.0,0.0,0.0,0.0,0.0,0.0,0.0,0.0,0.0,0.0,0.0,0.0,0.0,0.0,0.0,0.0,0.0,0.0,0.0,0.0,0.0,0.0,0.0,0.0,0.0,0.0
heat (not used in this variable),0.0,0.0,0.0,0.0,0.0,0.0,0.0,0.0,0.0,0.0,0.0,0.0,0.0,0.0,0.0,0.0,0.0,0.0,0.0,0.0,0.0,0.0,0.0,0.0,0.0,0.0,0.0
geothermal (is not a fuel),0.0,0.0,0.0,0.0,0.0,0.0,0.0,0.0,0.0,0.0,0.0,0.0,0.0,0.0,0.0,0.0,0.0,0.0,0.0,0.0,0.0,0.0,0.0,0.0,0.0,0.0,0.0
lignite,0.0,0.0,0.0,0.0,0.0,0.0,0.0,0.0,0.0,0.0,0.0,0.0,0.0,0.0,0.0,0.0,0.0,0.0,0.0,0.0,0.0,0.0,0.0,0.0,0.0,0.0,0.0
crude oil,0.0,2097140000000000.0,2100830000000000.0,2094400000000000.0,2093930000000000.0,2093100000000000.0,2083950000000000.0,2069880000000000.0,2066070000000000.0,2065010000000000.0,2065290000000000.0,2063910000000000.0,2061780000000000.0,2058730000000000.0,2054880000000000.0,2051970000000000.0,2049050000000000.0,2045710000000000.0,2045440000000000.0,2044960000000000.0,2044750000000000.0,2045090000000000.0,2043780000000000.0,2041320000000000.0,2036900000000000.0,2033790000000000.0,2031270000000000.0
heavy fuel oil,0.0,0.0,0.0,0.0,0.0,0.0,0.0,0.0,0.0,0.0,0.0,0.0,0.0,0.0,0.0,0.0,0.0,0.0,0.0,0.0,0.0,0.0,0.0,0.0,0.0,0.0,0.0
LPG propane or butane,0.0,86024100000000.0,85041400000000.0,86082400000000.0,86910500000000.0,85495600000000.0,84973500000000.0,84682200000000.0,84564800000000.0,84355100000000.0,84355500000000.0,84456100000000.0,84753600000000.0,84988900000000.0,85229200000000.0,85879800000000.0,86383400000000.0,86983100000000.0,87765300000000.0,88491700000000.0,89251400000000.0,90146700000000.0,91058500000000.0,92068000000000.0,92942400000000.0,93484800000000.0,94355600000000.0
municipal solid waste,0.0,0.0,0.0,0.0,0.0,0.0,0.0,0.0,0.0,0.0,0.0,0.0,0.0,0.0,0.0,0.0,0.0,0.0,0.0,0.0,0.0,0.0,0.0,0.0,0.0,0.0,0.0
hydrogen,0.0,5397400000000.0,6331560000000.0,6364200000000.0,6405660000000.0,6093200000000.0,6146140000000.0,6453890000000.0,6556140000000.0,6528370000000.0,6192280000000.0,6084200000000.0,6133390000000.0,5830920000000.0,5719310000000.0,5695080000000.0,5799500000000.0,5812070000000.0,5890650000000.0,5850790000000.0,5572010000000.0,5452370000000.0,12419600000000.0,14338100000000.0,12365500000000.0,11162700000000.0,14874300000000.0
