Pollutant:,CO,Unit: grams,,,,,,,,,,,,,,,,,,,,,,,,,,,,,,,,,,
,2015.0,2016.0,2017.0,2018.0,2019.0,2020.0,2021.0,2022.0,2023.0,2024.0,2025.0,2026.0,2027.0,2028.0,2029.0,2030.0,2031.0,2032.0,2033.0,2034.0,2035.0,2036.0,2037.0,2038.0,2039.0,2040.0,2041.0,2042.0,2043.0,2044.0,2045.0,2046.0,2047.0,2048.0,2049.0,2050.0
agriculture and forestry 01T03,0.0,0.0,0.0,0.0,0.0,75248.12030075188,75766.08187134503,76284.04344193818,80668.41644794401,82369.35721125366,83239.11843794287,83919.41823408575,84580.57772684126,85174.00731999573,85835.2706073209,86478.18905437,86323.88335886021,86376.40229800895,86010.82287102297,85848.78445733107,85665.88149405707,85595.21815825894,85498.98571956382,85500.83899926388,85500.76613160991,85497.37677192199,85465.66823696434,85590.43938237362,85677.8310075878,85801.80181646407,86033.03371980866,86764.96342126704,87506.45078326289,88273.15904818129,88935.17285703753,89614.81093462925
coal mining 05,0.0,0.0,0.0,0.0,0.0,823145680.0,838017286.6666666,847255529.8013246,950043688.472865,849150587.0156122,889209474.6870496,1018242498.198918,1068867620.8009874,1160845165.1570945,1264827065.4917762,1307899774.2532637,1317642414.5478885,1281371329.9777596,1278357446.2090652,1289233775.0783572,1263083673.6439414,1258294761.185966,1273424733.4933536,1284504441.1975098,1318415554.754179,1290295161.7240062,1263318690.8280714,1237072546.640584,1237483312.8957434,1265078733.914445,1272064386.141,1280753673.4827194,1302470603.1696935,1313290895.541194,1316884200.1135845,1311449859.1346447
oil and gas extraction 06,0.0,0.0,0.0,0.0,0.0,1341876443.7833037,1366119650.26643,1294404528.9375775,1298626726.850329,1405203596.730651,1429474357.3149238,1379848722.956822,1407243263.674794,1451397812.2624252,1482703553.8283436,1523077674.6111164,1551879645.2761326,1575562424.0496116,1586701494.868487,1591068716.1625535,1602359104.8553298,1600328263.4309595,1604026202.6486928,1610107446.1190782,1611521183.1030629,1638147235.1890054,1644182827.2770207,1658736998.7976644,1662665633.1683702,1669917252.8389046,1682114931.239992,1695621029.160883,1701807267.0555918,1694891985.0915122,1702630892.018692,1717993116.2965846
other mining and quarrying 07T08,0.0,0.0,0.0,0.0,0.0,0.0,0.0,0.0,0.0,0.0,0.0,0.0,0.0,0.0,0.0,0.0,0.0,0.0,0.0,0.0,0.0,0.0,0.0,0.0,0.0,0.0,0.0,0.0,0.0,0.0,0.0,0.0,0.0,0.0,0.0,0.0
food beverage and tobacco 10T12,0.0,0.0,0.0,0.0,0.0,0.0,0.0,0.0,0.0,0.0,0.0,0.0,0.0,0.0,0.0,0.0,0.0,0.0,0.0,0.0,0.0,0.0,0.0,0.0,0.0,0.0,0.0,0.0,0.0,0.0,0.0,0.0,0.0,0.0,0.0,0.0
textiles apparel and leather 13T15,0.0,0.0,0.0,0.0,0.0,0.0,0.0,0.0,0.0,0.0,0.0,0.0,0.0,0.0,0.0,0.0,0.0,0.0,0.0,0.0,0.0,0.0,0.0,0.0,0.0,0.0,0.0,0.0,0.0,0.0,0.0,0.0,0.0,0.0,0.0,0.0
wood products 16,0.0,0.0,0.0,0.0,0.0,0.0,0.0,0.0,0.0,0.0,0.0,0.0,0.0,0.0,0.0,0.0,0.0,0.0,0.0,0.0,0.0,0.0,0.0,0.0,0.0,0.0,0.0,0.0,0.0,0.0,0.0,0.0,0.0,0.0,0.0,0.0
pulp paper and printing 17T18,0.0,0.0,0.0,0.0,0.0,3388538458.8193707,3437372728.8794627,3641891998.8821898,3773850771.2884073,3735941740.7501516,3732681495.880041,3747154175.051823,3744197163.5230675,3759740546.6985807,3785466783.268584,3805003114.0447764,3842860827.944659,3879616877.68397,3901634148.001447,3929833154.1129117,3957171098.6890836,3964981066.4384794,3980188495.8276143,4018354115.7462277,4020617519.388105,4057359586.7984395,4108651715.643184,4147679872.034229,4177125504.061684,4193036605.193823,4206294135.2750497,4220882256.4201827,4220270701.8187375,4226270780.3612547,4237919398.128321,4251985381.243195
refined petroleum and coke 19,0.0,0.0,0.0,0.0,0.0,2651525904.421617,2659124374.7208576,2667375212.195667,2467305551.1090784,3228306976.109824,3392686228.053728,3584760780.4600096,3732778804.158217,3708307325.3752995,3630397702.722001,3609860526.7406087,3558912070.465072,3649705784.21424,3670314391.4761777,3664223579.727744,3728919675.4383235,3735192420.1998863,3778358134.4705124,3736832096.130203,3739661891.4487877,3746268437.4911466,3708711318.8441677,3742575354.439939,3727116738.4249215,3751711158.640895,3763516598.069007,4039939856.657818,4038042633.2250357,3865899880.287365,3760792807.765306,3798935623.993724
chemicals 20,0.0,0.0,0.0,0.0,0.0,3101773491.8977313,2473263441.084387,2328167341.5886183,2532915788.474485,2794760927.09437,2520224829.378967,2330514442.6920304,2414647495.7686,2509403385.3926597,2604321624.2056694,2690892915.3513722,2753221183.1108613,2813785760.903644,2898064940.4993377,2966389854.6800394,3026216547.1061,3106935430.140741,3183935196.4266095,3246476096.6727343,3290721568.358241,3343053750.768813,3398712837.6202016,3506279744.0240097,3614104326.149478,3696891387.1132994,3790022632.3725257,3833352190.6526775,3850995664.2632494,3867242605.7904024,3926630216.928357,4003070125.090104
rubber and plastic products 22,0.0,0.0,0.0,0.0,0.0,0.0,0.0,0.0,0.0,0.0,0.0,0.0,0.0,0.0,0.0,0.0,0.0,0.0,0.0,0.0,0.0,0.0,0.0,0.0,0.0,0.0,0.0,0.0,0.0,0.0,0.0,0.0,0.0,0.0,0.0,0.0
glass and glass products 231,0.0,0.0,0.0,0.0,0.0,0.0,0.0,0.0,0.0,0.0,0.0,0.0,0.0,0.0,0.0,0.0,0.0,0.0,0.0,0.0,0.0,0.0,0.0,0.0,0.0,0.0,0.0,0.0,0.0,0.0,0.0,0.0,0.0,0.0,0.0,0.0
cement and other nonmetallic minerals 239,0.0,0.0,0.0,0.0,0.0,6591197870.259698,6897410866.02195,6576879999.999999,6856009765.054295,7800262688.268702,7099072227.998394,6572116210.130163,6245745081.926579,5979497033.107856,5899316367.023472,5808173944.651382,5726911761.223393,5653883805.668476,4690632587.6003475,4511334133.771455,4312000844.656521,4121801838.1068816,4003554224.590164,3903362283.5227265,3741338526.506869,3637011461.763134,3523753287.404601,3425992750.4625454,3352732352.3920455,3298485285.3514876,3213276136.3152046,3158629952.521492,3109587639.807274,3057396641.17723,3020430694.472045,2992939541.630826
iron and steel 241,0.0,0.0,0.0,0.0,0.0,21108788862.379982,21352592935.699738,25186569864.26875,24516826841.415466,23767158380.02386,22179559186.542835,19953945204.41223,19122902671.69866,19388637673.911995,19451440613.220646,19226790995.750324,18812263069.495342,18113466277.441418,18113683531.03437,18421761897.19459,18506365345.764023,18700482487.888264,18906945403.917725,19083957840.21027,19312929339.081608,19477666207.704823,19534285246.86226,19728361733.649963,20091410333.550217,20301541570.022835,20365673961.037933,20305744097.11572,20067271347.78981,19792685275.651985,19803843029.032455,19988731136.041115
other metals 242,0.0,0.0,0.0,0.0,0.0,1831196681.5523655,1887056452.4189262,1913416448.1675391,2078381948.218263,2147851983.7327337,2124002376.1251864,2114520883.2408104,2160732944.7032547,2239166349.279224,2303569311.592289,2357962061.466461,2389115816.2348146,2394101922.362315,2392737208.3176627,2398706543.5814376,2413334802.916974,2436019723.405574,2460657646.064004,2479833497.3216248,2494044949.3274755,2518815382.2984014,2537635919.873489,2552369936.9997725,2576521159.5040073,2601947576.3056026,2614725368.327271,2618893360.620878,2622184818.1605,2628513772.462756,2635123760.3766313,2634569076.683385
metal products except machinery and vehicles 25,0.0,0.0,0.0,0.0,0.0,0.0,0.0,0.0,0.0,0.0,0.0,0.0,0.0,0.0,0.0,0.0,0.0,0.0,0.0,0.0,0.0,0.0,0.0,0.0,0.0,0.0,0.0,0.0,0.0,0.0,0.0,0.0,0.0,0.0,0.0,0.0
computers and electronics 26,0.0,0.0,0.0,0.0,0.0,0.0,0.0,0.0,0.0,0.0,0.0,0.0,0.0,0.0,0.0,0.0,0.0,0.0,0.0,0.0,0.0,0.0,0.0,0.0,0.0,0.0,0.0,0.0,0.0,0.0,0.0,0.0,0.0,0.0,0.0,0.0
appliances and electrical equipment 27,0.0,0.0,0.0,0.0,0.0,0.0,0.0,0.0,0.0,0.0,0.0,0.0,0.0,0.0,0.0,0.0,0.0,0.0,0.0,0.0,0.0,0.0,0.0,0.0,0.0,0.0,0.0,0.0,0.0,0.0,0.0,0.0,0.0,0.0,0.0,0.0
other machinery 28,0.0,0.0,0.0,0.0,0.0,0.0,0.0,0.0,0.0,0.0,0.0,0.0,0.0,0.0,0.0,0.0,0.0,0.0,0.0,0.0,0.0,0.0,0.0,0.0,0.0,0.0,0.0,0.0,0.0,0.0,0.0,0.0,0.0,0.0,0.0,0.0
road vehicles 29,0.0,0.0,0.0,0.0,0.0,0.0,0.0,0.0,0.0,0.0,0.0,0.0,0.0,0.0,0.0,0.0,0.0,0.0,0.0,0.0,0.0,0.0,0.0,0.0,0.0,0.0,0.0,0.0,0.0,0.0,0.0,0.0,0.0,0.0,0.0,0.0
nonroad vehicles 30,0.0,0.0,0.0,0.0,0.0,0.0,0.0,0.0,0.0,0.0,0.0,0.0,0.0,0.0,0.0,0.0,0.0,0.0,0.0,0.0,0.0,0.0,0.0,0.0,0.0,0.0,0.0,0.0,0.0,0.0,0.0,0.0,0.0,0.0,0.0,0.0
other manufacturing 31T33,0.0,0.0,0.0,0.0,0.0,2266282948.015123,2285269970.699433,2484777300.390346,2701599533.5000944,2657579789.7206645,2585664443.6077714,2549048679.4659076,2543828196.9782796,2552962233.615841,2591230581.1271014,2638071823.1258893,2683665909.693885,2760775404.0900774,2826750138.153818,2895048551.639611,2953316779.6838064,2988339685.3160305,3033283669.254004,3099076094.390419,3139488391.089231,3200185614.7937727,3259338651.4176407,3309479057.2411613,3349117739.1314807,3388172918.931655,3433346814.7912045,3511512819.8797855,3560331518.468659,3602603303.6876655,3649251672.9797926,3697053012.6312184
energy pipelines and gas processing 352T353,0.0,0.0,0.0,0.0,0.0,91721325.07149667,91370190.65776931,105420105.9953627,115273565.32356532,132382529.47863863,134835316.70626742,135604712.39332306,144487195.32782426,155652113.9885726,157399951.81716213,159916230.09760708,158063157.9720256,154779444.10309753,149232111.5814247,145507548.08488277,143993202.21727386,143845998.19140667,143970609.86477515,142195207.71267334,142841781.33327907,142154384.1240153,140691342.73063913,140562514.7665313,141360400.44675395,142041966.18918914,142812581.86664966,143297512.3557272,142343781.16046712,141755973.06182298,142454182.05680782,144048207.6701477
water and waste 36T39,0.0,0.0,0.0,0.0,0.0,0.0,0.0,0.0,0.0,0.0,0.0,0.0,0.0,0.0,0.0,0.0,0.0,0.0,0.0,0.0,0.0,0.0,0.0,0.0,0.0,0.0,0.0,0.0,0.0,0.0,0.0,0.0,0.0,0.0,0.0,0.0
construction 41T43,0.0,0.0,0.0,0.0,0.0,0.0,0.0,0.0,0.0,0.0,0.0,0.0,0.0,0.0,0.0,0.0,0.0,0.0,0.0,0.0,0.0,0.0,0.0,0.0,0.0,0.0,0.0,0.0,0.0,0.0,0.0,0.0,0.0,0.0,0.0,0.0
