Pollutant:,BC,Unit: grams,,,,,,,,,,,,,,,,,,,,,,,,,,,,,,,,,,
,2015.0,2016.0,2017.0,2018.0,2019.0,2020.0,2021.0,2022.0,2023.0,2024.0,2025.0,2026.0,2027.0,2028.0,2029.0,2030.0,2031.0,2032.0,2033.0,2034.0,2035.0,2036.0,2037.0,2038.0,2039.0,2040.0,2041.0,2042.0,2043.0,2044.0,2045.0,2046.0,2047.0,2048.0,2049.0,2050.0
agriculture and forestry 01T03,0.0,0.0,0.0,0.0,0.0,18812.03007518797,18941.520467836257,19071.010860484545,20167.104111986002,20592.339302813412,20809.779609485726,20979.85455852143,21145.14443171031,21293.501829998935,21458.817651830217,21619.54726359249,21580.970839715053,21594.100574502234,21502.705717755744,21462.196114332775,21416.470373514265,21398.804539564735,21374.746429890958,21375.209749815964,21375.191532902474,21374.34419298051,21366.41705924108,21397.609845593408,21419.45775189695,21450.45045411601,21508.25842995217,21691.24085531675,21876.612695815722,22068.289762045333,22233.79321425938,22403.702733657323
coal mining 05,0.0,0.0,0.0,0.0,0.0,2141840.0,2180536.1904761903,2204574.26679281,2472030.921329407,2209505.240060932,2313739.1928773904,2649485.4620902217,2781212.9499803563,3020540.189848376,3291102.981859669,3403178.9518552893,3428529.478737287,3334151.4583415715,3326309.2780714384,3354609.683201921,3286566.6446278864,3274105.807490298,3313474.270053149,3342303.870603409,3430541.203587062,3357371.4305187687,3287178.1636067103,3218885.2200459447,3219954.04129755,3291757.8276634035,3309934.621551121,3332544.304930602,3389052.150152785,3417206.7472989117,3426556.591017133,3412416.3371530394
oil and gas extraction 06,0.0,0.0,0.0,0.0,0.0,1160667.051509769,1181636.4120781529,1119605.8288548987,1123257.8536184211,1215442.3925871293,1236435.5863016143,1193511.4862650086,1217206.6192632054,1255398.4587260543,1282476.617022206,1317398.5444048196,1342311.0454955932,1362795.6595134626,1372430.4903086517,1376207.9542369877,1385973.6686700522,1384217.0756997918,1387415.6385990763,1392675.6600868856,1393898.4835028667,1416928.9059468326,1422149.4408965048,1434738.1910935096,1438136.2956601644,1444408.6436551404,1454959.1257734036,1466641.3361019832,1471992.1733794794,1466010.7434462006,1472704.5745561302,1485992.2566224327
other mining and quarrying 07T08,0.0,0.0,0.0,0.0,0.0,0.0,0.0,0.0,0.0,0.0,0.0,0.0,0.0,0.0,0.0,0.0,0.0,0.0,0.0,0.0,0.0,0.0,0.0,0.0,0.0,0.0,0.0,0.0,0.0,0.0,0.0,0.0,0.0,0.0,0.0,0.0
food beverage and tobacco 10T12,0.0,0.0,0.0,0.0,0.0,0.0,0.0,0.0,0.0,0.0,0.0,0.0,0.0,0.0,0.0,0.0,0.0,0.0,0.0,0.0,0.0,0.0,0.0,0.0,0.0,0.0,0.0,0.0,0.0,0.0,0.0,0.0,0.0,0.0,0.0,0.0
textiles apparel and leather 13T15,0.0,0.0,0.0,0.0,0.0,0.0,0.0,0.0,0.0,0.0,0.0,0.0,0.0,0.0,0.0,0.0,0.0,0.0,0.0,0.0,0.0,0.0,0.0,0.0,0.0,0.0,0.0,0.0,0.0,0.0,0.0,0.0,0.0,0.0,0.0,0.0
wood products 16,0.0,0.0,0.0,0.0,0.0,0.0,0.0,0.0,0.0,0.0,0.0,0.0,0.0,0.0,0.0,0.0,0.0,0.0,0.0,0.0,0.0,0.0,0.0,0.0,0.0,0.0,0.0,0.0,0.0,0.0,0.0,0.0,0.0,0.0,0.0,0.0
pulp paper and printing 17T18,0.0,0.0,0.0,0.0,0.0,33579243.54895723,34063174.266525276,36089889.459915556,37397555.23113236,37021889.85662972,36989581.95814984,37133001.20058174,37103698.239583105,37257727.788182996,37512665.89022337,37706264.16781687,38081421.01219095,38445660.74595627,38663844.27589365,38943286.66840683,39214196.239069045,39291590.316885665,39442290.6797168,39820498.76618797,39842928.313045375,40207029.48676901,40715316.734369636,41102072.25880843,41393868.28276368,41551541.7890677,41682919.32450531,41827482.55694529,41821422.26246877,41880880.96454358,41996314.73569972,42135703.760941714
refined petroleum and coke 19,0.0,0.0,0.0,0.0,0.0,45997722.197409555,46129537.74006253,46272670.314943045,42801933.45529385,56003513.75313095,58855106.17141546,62187146.74776543,64754910.43543149,64330387.98179857,62978839.7380739,62622568.16104119,61738732.5800872,63313789.42389968,63671300.16521636,63565638.943391584,64687963.65188861,64796780.98249679,65545604.3412134,64825225.49356518,64874315.769742645,64988923.765476,64337396.31587498,64924857.48275253,64656686.945995,65083342.1435981,65288138.68068908,70083430.41676748,70050518.0638231,67064247.2094746,65240887.341562174,65902575.26313814
chemicals 20,0.0,0.0,0.0,0.0,0.0,11487330.212459488,8725897.151132317,8197841.554246605,8920519.415007113,9885910.125688432,8873650.524151089,8177642.58193622,8492934.86846474,8845874.581546409,9197212.27731175,9514775.857578274,9743423.561821926,9963888.139254,10277183.293121511,10532320.620240228,10754167.429225666,11054783.330696698,11340841.925552202,11572113.485465165,11738214.120216595,11931651.254000599,12135906.350588663,12530841.413256783,12930145.910074735,13236733.65404945,13582895.81281704,13741779.858114004,13809973.710535254,13871148.699360926,14089396.451664528,14371027.809880663
rubber and plastic products 22,0.0,0.0,0.0,0.0,0.0,0.0,0.0,0.0,0.0,0.0,0.0,0.0,0.0,0.0,0.0,0.0,0.0,0.0,0.0,0.0,0.0,0.0,0.0,0.0,0.0,0.0,0.0,0.0,0.0,0.0,0.0,0.0,0.0,0.0,0.0,0.0
glass and glass products 231,0.0,0.0,0.0,0.0,0.0,0.0,0.0,0.0,0.0,0.0,0.0,0.0,0.0,0.0,0.0,0.0,0.0,0.0,0.0,0.0,0.0,0.0,0.0,0.0,0.0,0.0,0.0,0.0,0.0,0.0,0.0,0.0,0.0,0.0,0.0,0.0
cement and other nonmetallic minerals 239,0.0,0.0,0.0,0.0,0.0,14644192.111268064,15324530.04455069,14612380.952380951,15232545.903257651,17330468.235641435,15772577.240877187,14601796.858957449,13876671.988628494,13285127.378240688,13106983.571779167,12904485.153589418,12723938.453441015,12561686.396729935,10421554.031344451,10023192.298802476,9580317.568377333,9157737.204972845,8895017.013116492,8672412.554583587,8312431.399255878,8080639.605323319,7829004.849983695,7611802.436695536,7449033.943834297,7328508.891051519,7139192.901350268,7017781.098916961,6908819.865601784,6792862.944650298,6710732.740735744,6649653.445061192
iron and steel 241,0.0,0.0,0.0,0.0,0.0,32057876.054698866,32428140.82048298,38250794.02782491,37233656.61861075,36095136.603365354,33684052.836268716,30304017.266729023,29041914.60969809,29445485.833982415,29540864.53416998,29199689.60274441,28570146.857884396,27508885.54662979,27509215.489233352,27977093.49691479,28105580.587563213,28400385.908838753,28713940.732619278,28982769.170849584,29330507.735043474,29580693.292840872,29666680.516052905,29961424.094148938,30512785.28750365,30831911.182313524,30929308.918188263,30838293.551929265,30476125.457390316,30059112.130650893,30076057.388725705,30356846.59255516
other metals 242,0.0,0.0,0.0,0.0,0.0,1309276.9803296118,1349215.8426368954,1368062.8272251307,1486010.579064588,1535680.567678084,1518628.4713385557,1511849.3522533518,1544890.2532640856,1600968.910534883,1647016.021077945,1685905.9863255385,1708180.4336200054,1711745.4214992328,1710769.672306698,1715037.653636867,1725496.6302193669,1741715.9934890468,1759331.7227576694,1773042.156422579,1783203.122284829,1800913.594353912,1814369.9842942876,1824904.5760427131,1842172.3223149525,1860351.8125608473,1869487.7339623794,1872467.7832488313,1874821.1238985672,1879346.227215419,1884072.2651681288,1883675.6750048513
metal products except machinery and vehicles 25,0.0,0.0,0.0,0.0,0.0,0.0,0.0,0.0,0.0,0.0,0.0,0.0,0.0,0.0,0.0,0.0,0.0,0.0,0.0,0.0,0.0,0.0,0.0,0.0,0.0,0.0,0.0,0.0,0.0,0.0,0.0,0.0,0.0,0.0,0.0,0.0
computers and electronics 26,0.0,0.0,0.0,0.0,0.0,0.0,0.0,0.0,0.0,0.0,0.0,0.0,0.0,0.0,0.0,0.0,0.0,0.0,0.0,0.0,0.0,0.0,0.0,0.0,0.0,0.0,0.0,0.0,0.0,0.0,0.0,0.0,0.0,0.0,0.0,0.0
appliances and electrical equipment 27,0.0,0.0,0.0,0.0,0.0,0.0,0.0,0.0,0.0,0.0,0.0,0.0,0.0,0.0,0.0,0.0,0.0,0.0,0.0,0.0,0.0,0.0,0.0,0.0,0.0,0.0,0.0,0.0,0.0,0.0,0.0,0.0,0.0,0.0,0.0,0.0
other machinery 28,0.0,0.0,0.0,0.0,0.0,0.0,0.0,0.0,0.0,0.0,0.0,0.0,0.0,0.0,0.0,0.0,0.0,0.0,0.0,0.0,0.0,0.0,0.0,0.0,0.0,0.0,0.0,0.0,0.0,0.0,0.0,0.0,0.0,0.0,0.0,0.0
road vehicles 29,0.0,0.0,0.0,0.0,0.0,0.0,0.0,0.0,0.0,0.0,0.0,0.0,0.0,0.0,0.0,0.0,0.0,0.0,0.0,0.0,0.0,0.0,0.0,0.0,0.0,0.0,0.0,0.0,0.0,0.0,0.0,0.0,0.0,0.0,0.0,0.0
nonroad vehicles 30,0.0,0.0,0.0,0.0,0.0,0.0,0.0,0.0,0.0,0.0,0.0,0.0,0.0,0.0,0.0,0.0,0.0,0.0,0.0,0.0,0.0,0.0,0.0,0.0,0.0,0.0,0.0,0.0,0.0,0.0,0.0,0.0,0.0,0.0,0.0,0.0
other manufacturing 31T33,0.0,0.0,0.0,0.0,0.0,20979682.734719597,21155451.48078135,23002352.585443653,25009543.110554364,24602038.716910616,23936296.09791087,23597332.635533646,23549005.013244256,23633561.617666114,23987823.555819705,24421447.43182137,24843526.00396685,25557352.46137528,26168100.995832123,26800360.549949825,27339767.572780855,27663985.45089515,28080045.82176757,28689106.666053895,29063215.805455472,29625108.792963874,30172706.76269266,30636872.01941351,31003819.56707507,31365365.455276147,31783554.191971466,32507161.095882203,32959090.89962253,33350413.89982499,33782252.29348101,34224764.09063316
energy pipelines and gas processing 352T353,0.0,0.0,0.0,0.0,0.0,2886554.814108675,2875504.2897998095,3317668.1020205365,3627765.5677655675,4166200.4716196414,4243391.951075235,4267605.543963189,4547145.485801539,4898515.788009811,4953521.858784122,5032711.460312378,4974393.569016997,4871052.060713218,4696472.382722148,4579256.929467236,4531599.066358904,4526966.419706754,4530888.064159402,4475014.51866566,4495362.787683584,4473729.762625794,4427686.498706544,4423632.1636901535,4448742.362976522,4470191.866387251,4494443.853500033,4509705.063874652,4479690.2622906435,4461191.398524873,4483164.680465103,4533330.1387640545
water and waste 36T39,0.0,0.0,0.0,0.0,0.0,0.0,0.0,0.0,0.0,0.0,0.0,0.0,0.0,0.0,0.0,0.0,0.0,0.0,0.0,0.0,0.0,0.0,0.0,0.0,0.0,0.0,0.0,0.0,0.0,0.0,0.0,0.0,0.0,0.0,0.0,0.0
construction 41T43,0.0,0.0,0.0,0.0,0.0,0.0,0.0,0.0,0.0,0.0,0.0,0.0,0.0,0.0,0.0,0.0,0.0,0.0,0.0,0.0,0.0,0.0,0.0,0.0,0.0,0.0,0.0,0.0,0.0,0.0,0.0,0.0,0.0,0.0,0.0,0.0
